[
  {"name": "Aberdeen", "county": "Aberdeenshire", "lat": 57.1497, "lon": -2.0943},
  {"name": "Abergavenny", "county": "Monmouthshire", "lat": 51.8242, "lon": -3.0168},
  {"name": "Aberystwyth", "county": "Ceredigion", "lat": 52.4143, "lon": -4.0811},
  {"name": "Aldershot", "county": "Hampshire", "lat": 51.2484, "lon": -0.7614},
  {"name": "Arbroath", "county": "Angus", "lat": 56.5590, "lon": -2.5879},
  {"name": "Armagh", "county": "County Armagh", "lat": 54.3503, "lon": -6.6528},
  {"name": "Ashford", "county": "Kent", "lat": 51.1465, "lon": 0.8735},
  {"name": "Aylesbury", "county": "Buckinghamshire", "lat": 51.8153, "lon": -0.8084},
  {"name": "Ayr", "county": "South Ayrshire", "lat": 55.4580, "lon": -4.6291},
  {"name": "Ballymena", "county": "County Antrim", "lat": 54.8639, "lon": -6.2764},
  {"name": "Bangor", "county": "Gwynedd", "lat": 53.2274, "lon": -4.1293},
  {"name": "Bangor (NI)", "county": "County Down", "lat": 54.6593, "lon": -5.6688},
  {"name": "Barnsley", "county": "South Yorkshire", "lat": 53.5529, "lon": -1.4791},
  {"name": "Barrow-in-Furness", "county": "Cumbria", "lat": 54.1108, "lon": -3.2261},
  {"name": "Barry", "county": "Vale of Glamorgan", "lat": 51.3989, "lon": -3.2839},
  {"name": "Basildon", "county": "Essex", "lat": 51.5762, "lon": 0.4887},
  {"name": "Basingstoke", "county": "Hampshire", "lat": 51.2667, "lon": -1.0876},
  {"name": "Bath", "county": "Somerset", "lat": 51.3811, "lon": -2.3590},
  {"name": "Bedford", "county": "Bedfordshire", "lat": 52.1356, "lon": -0.4669},
  {"name": "Belfast", "county": "County Antrim", "lat": 54.5973, "lon": -5.9301},
  {"name": "Birkenhead", "county": "Merseyside", "lat": 53.3934, "lon": -3.0148},
  {"name": "Birmingham", "county": "West Midlands", "lat": 52.4862, "lon": -1.8904},
  {"name": "Blackburn", "county": "Lancashire", "lat": 53.7488, "lon": -2.4847},
  {"name": "Blackpool", "county": "Lancashire", "lat": 53.8142, "lon": -3.0503},
  {"name": "Bognor Regis", "county": "West Sussex", "lat": 50.7826, "lon": -0.6737},
  {"name": "Bolton", "county": "Greater Manchester", "lat": 53.5785, "lon": -2.4299},
  {"name": "Boston", "county": "Lincolnshire", "lat": 52.9752, "lon": -0.0266},
  {"name": "Bournemouth", "county": "Dorset", "lat": 50.7192, "lon": -1.8808},
  {"name": "Bracknell", "county": "Berkshire", "lat": 51.4136, "lon": -0.7519},
  {"name": "Bradford", "county": "West Yorkshire", "lat": 53.7960, "lon": -1.7594},
  {"name": "Brecon", "county": "Powys", "lat": 51.9457, "lon": -3.3986},
  {"name": "Bridgend", "county": "Bridgend", "lat": 51.5055, "lon": -3.5768},
  {"name": "Bridgwater", "county": "Somerset", "lat": 51.1280, "lon": -2.9935},
  {"name": "Brighton & Hove", "county": "East Sussex", "lat": 50.8225, "lon": -0.1372},
  {"name": "Bristol", "county": "Bristol", "lat": 51.4545, "lon": -2.5879},
  {"name": "Burnley", "county": "Lancashire", "lat": 53.7893, "lon": -2.2479},
  {"name": "Burton upon Trent", "county": "Staffordshire", "lat": 52.8019, "lon": -1.6296},
  {"name": "Bury", "county": "Greater Manchester", "lat": 53.5933, "lon": -2.2966},
  {"name": "Bury St Edmunds", "county": "Suffolk", "lat": 52.2474, "lon": 0.7183},
  {"name": "Caerphilly", "county": "Caerphilly", "lat": 51.5780, "lon": -3.2180},
  {"name": "Cambridge", "county": "Cambridgeshire", "lat": 52.2053, "lon": 0.1218},
  {"name": "Cannock", "county": "Staffordshire", "lat": 52.6910, "lon": -1.9673},
  {"name": "Canterbury", "county": "Kent", "lat": 51.2802, "lon": 1.0789},
  {"name": "Cardiff", "county": "Cardiff", "lat": 51.4816, "lon": -3.1791},
  {"name": "Carlisle", "county": "Cumbria", "lat": 54.8951, "lon": -2.9382},
  {"name": "Carmarthen", "county": "Carmarthenshire", "lat": 51.8576, "lon": -4.3121},
  {"name": "Carrickfergus", "county": "County Antrim", "lat": 54.7158, "lon": -5.8059},
  {"name": "Chatham", "county": "Kent", "lat": 51.3797, "lon": 0.5215},
  {"name": "Chelmsford", "county": "Essex", "lat": 51.7356, "lon": 0.4685},
  {"name": "Cheltenham", "county": "Gloucestershire", "lat": 51.8994, "lon": -2.0783},
  {"name": "Chester", "county": "Cheshire", "lat": 53.1905, "lon": -2.8919},
  {"name": "Chesterfield", "county": "Derbyshire", "lat": 53.2350, "lon": -1.4216},
  {"name": "Chichester", "county": "West Sussex", "lat": 50.8365, "lon": -0.7792},
  {"name": "Clacton-on-Sea", "county": "Essex", "lat": 51.7918, "lon": 1.1537},
  {"name": "Coatbridge", "county": "North Lanarkshire", "lat": 55.8621, "lon": -4.0268},
  {"name": "Colchester", "county": "Essex", "lat": 51.8891, "lon": 0.9037},
  {"name": "Coleraine", "county": "County Londonderry", "lat": 55.1329, "lon": -6.6673},
  {"name": "Colwyn Bay", "county": "Conwy", "lat": 53.2935, "lon": -3.7267},
  {"name": "Corby", "county": "Northamptonshire", "lat": 52.4880, "lon": -0.6931},
  {"name": "Coventry", "county": "West Midlands", "lat": 52.4068, "lon": -1.5197},
  {"name": "Craigavon", "county": "County Armagh", "lat": 54.4466, "lon": -6.3874},
  {"name": "Crawley", "county": "West Sussex", "lat": 51.1092, "lon": -0.1872},
  {"name": "Crewe", "county": "Cheshire", "lat": 53.0988, "lon": -2.4415},
  {"name": "Cumbernauld", "county": "North Lanarkshire", "lat": 55.9464, "lon": -3.9934},
  {"name": "Cwmbran", "county": "Torfaen", "lat": 51.6531, "lon": -3.0240},
  {"name": "Darlington", "county": "County Durham", "lat": 54.5235, "lon": -1.5526},
  {"name": "Dartford", "county": "Kent", "lat": 51.4462, "lon": 0.2149},
  {"name": "Daventry", "county": "Northamptonshire", "lat": 52.2579, "lon": -1.1627},
  {"name": "Derby", "county": "Derbyshire", "lat": 52.9225, "lon": -1.4746},
  {"name": "Derry/Londonderry", "county": "County Londonderry", "lat": 54.9966, "lon": -7.3086},
  {"name": "Dewsbury", "county": "West Yorkshire", "lat": 53.6913, "lon": -1.6294},
  {"name": "Didcot", "county": "Oxfordshire", "lat": 51.6095, "lon": -1.2417},
  {"name": "Dolgellau", "county": "Gwynedd", "lat": 52.7425, "lon": -3.8850},
  {"name": "Doncaster", "county": "South Yorkshire", "lat": 53.5228, "lon": -1.1285},
  {"name": "Dorchester", "county": "Dorset", "lat": 50.7155, "lon": -2.4375},
  {"name": "Dover", "county": "Kent", "lat": 51.1279, "lon": 1.3134},
  {"name": "Dudley", "county": "West Midlands", "lat": 52.5086, "lon": -2.0872},
  {"name": "Dumfries", "county": "Dumfries and Galloway", "lat": 55.0700, "lon": -3.6052},
  {"name": "Dundee", "county": "Dundee City", "lat": 56.4620, "lon": -2.9707},
  {"name": "Dunfermline", "county": "Fife", "lat": 56.0719, "lon": -3.4393},
  {"name": "Durham", "county": "County Durham", "lat": 54.7761, "lon": -1.5733},
  {"name": "East Kilbride", "county": "South Lanarkshire", "lat": 55.7644, "lon": -4.1769},
  {"name": "Eastbourne", "county": "East Sussex", "lat": 50.7688, "lon": 0.2908},
  {"name": "Ebbw Vale", "county": "Blaenau Gwent", "lat": 51.7793, "lon": -3.2045},
  {"name": "Edinburgh", "county": "City of Edinburgh", "lat": 55.9533, "lon": -3.1883},
  {"name": "Elgin", "county": "Moray", "lat": 57.6494, "lon": -3.3157},
  {"name": "Ellesmere Port", "county": "Cheshire", "lat": 53.2787, "lon": -2.8973},
  {"name": "Ely", "county": "Cambridgeshire", "lat": 52.3987, "lon": 0.2622},
  {"name": "Enniskillen", "county": "County Fermanagh", "lat": 54.3448, "lon": -7.6387},
  {"name": "Epsom", "county": "Surrey", "lat": 51.3360, "lon": -0.2682},
  {"name": "Esher", "county": "Surrey", "lat": 51.3695, "lon": -0.3650},
  {"name": "Evesham", "county": "Worcestershire", "lat": 52.0926, "lon": -1.9490},
  {"name": "Exeter", "county": "Devon", "lat": 50.7184, "lon": -3.5339},
  {"name": "Falkirk", "county": "Falkirk", "lat": 56.0019, "lon": -3.7839},
  {"name": "Fareham", "county": "Hampshire", "lat": 50.8521, "lon": -1.1786},
  {"name": "Fishguard", "county": "Pembrokeshire", "lat": 51.9941, "lon": -4.9705},
  {"name": "Flint", "county": "Flintshire", "lat": 53.2481, "lon": -3.1351},
  {"name": "Folkestone", "county": "Kent", "lat": 51.0818, "lon": 1.1664},
  {"name": "Fort William", "county": "Highland", "lat": 56.8198, "lon": -5.1052},
  {"name": "Galashiels", "county": "Scottish Borders", "lat": 55.6188, "lon": -2.8043},
  {"name": "Gateshead", "county": "Tyne and Wear", "lat": 54.9527, "lon": -1.6038},
  {"name": "Gillingham", "county": "Kent", "lat": 51.3849, "lon": 0.5493},
  {"name": "Glasgow", "county": "Glasgow City", "lat": 55.8642, "lon": -4.2518},
  {"name": "Gloucester", "county": "Gloucestershire", "lat": 51.8642, "lon": -2.2382},
  {"name": "Gosport", "county": "Hampshire", "lat": 50.7953, "lon": -1.1243},
  {"name": "Grantham", "county": "Lincolnshire", "lat": 52.9118, "lon": -0.6387},
  {"name": "Gravesend", "county": "Kent", "lat": 51.4414, "lon": 0.3696},
  {"name": "Great Yarmouth", "county": "Norfolk", "lat": 52.6060, "lon": 1.7282},
  {"name": "Greenock", "county": "Inverclyde", "lat": 55.9519, "lon": -4.7544},
  {"name": "Grimsby", "county": "Lincolnshire", "lat": 53.5673, "lon": -0.0800},
  {"name": "Guildford", "county": "Surrey", "lat": 51.2362, "lon": -0.5704},
  {"name": "Halifax", "county": "West Yorkshire", "lat": 53.7178, "lon": -1.8596},
  {"name": "Hamilton", "county": "South Lanarkshire", "lat": 55.7770, "lon": -4.0398},
  {"name": "Harlow", "county": "Essex", "lat": 51.7723, "lon": 0.1024},
  {"name": "Harrogate", "county": "North Yorkshire", "lat": 53.9921, "lon": -1.5418},
  {"name": "Hartlepool", "county": "County Durham", "lat": 54.6863, "lon": -1.2129},
  {"name": "Hastings", "county": "East Sussex", "lat": 50.8554, "lon": 0.5729},
  {"name": "Havant", "county": "Hampshire", "lat": 50.8520, "lon": -0.9844},
  {"name": "Hawick", "county": "Scottish Borders", "lat": 55.4227, "lon": -2.7873},
  {"name": "Hemel Hempstead", "county": "Hertfordshire", "lat": 51.7526, "lon": -0.4692},
  {"name": "Henley-on-Thames", "county": "Oxfordshire", "lat": 51.5358, "lon": -0.9020},
  {"name": "Hereford", "county": "Herefordshire", "lat": 52.0565, "lon": -2.7160},
  {"name": "High Wycombe", "county": "Buckinghamshire", "lat": 51.6287, "lon": -0.7482},
  {"name": "Holyhead", "county": "Isle of Anglesey", "lat": 53.3094, "lon": -4.6329},
  {"name": "Horsham", "county": "West Sussex", "lat": 51.0630, "lon": -0.3275},
  {"name": "Huddersfield", "county": "West Yorkshire", "lat": 53.6458, "lon": -1.7850},
  {"name": "Huntingdon", "county": "Cambridgeshire", "lat": 52.3318, "lon": -0.1854},
  {"name": "Inverness", "county": "Highland", "lat": 57.4778, "lon": -4.2247},
  {"name": "Ipswich", "county": "Suffolk", "lat": 52.0567, "lon": 1.1482},
  {"name": "Keighley", "county": "West Yorkshire", "lat": 53.8676, "lon": -1.9076},
  {"name": "Kendal", "county": "Cumbria", "lat": 54.3268, "lon": -2.7461},
  {"name": "Kettering", "county": "Northamptonshire", "lat": 52.3932, "lon": -0.7237},
  {"name": "Kidderminster", "county": "Worcestershire", "lat": 52.3879, "lon": -2.2490},
  {"name": "Kilmarnock", "county": "East Ayrshire", "lat": 55.6119, "lon": -4.4958},
  {"name": "King's Lynn", "county": "Norfolk", "lat": 52.7521, "lon": 0.3954},
  {"name": "Kingston upon Hull", "county": "East Riding of Yorkshire", "lat": 53.7457, "lon": -0.3367},
  {"name": "Kirkcaldy", "county": "Fife", "lat": 56.1132, "lon": -3.1599},
  {"name": "Lancaster", "county": "Lancashire", "lat": 54.0466, "lon": -2.8007},
  {"name": "Larne", "county": "County Antrim", "lat": 54.8578, "lon": -5.8236},
  {"name": "Leamington Spa", "county": "Warwickshire", "lat": 52.2919, "lon": -1.5363},
  {"name": "Leeds", "county": "West Yorkshire", "lat": 53.8008, "lon": -1.5491},
  {"name": "Leicester", "county": "Leicestershire", "lat": 52.6369, "lon": -1.1398},
  {"name": "Lichfield", "county": "Staffordshire", "lat": 52.6837, "lon": -1.8269},
  {"name": "Lincoln", "county": "Lincolnshire", "lat": 53.2307, "lon": -0.5406},
  {"name": "Lisburn", "county": "County Antrim", "lat": 54.5162, "lon": -6.0580},
  {"name": "Liverpool", "county": "Merseyside", "lat": 53.4084, "lon": -2.9916},
  {"name": "Livingston", "county": "West Lothian", "lat": 55.9024, "lon": -3.5159},
  {"name": "Llanelli", "county": "Carmarthenshire", "lat": 51.6840, "lon": -4.1629},
  {"name": "London", "county": "Greater London", "lat": 51.5074, "lon": -0.1278},
  {"name": "Loughborough", "county": "Leicestershire", "lat": 52.7721, "lon": -1.2073},
  {"name": "Louth", "county": "Lincolnshire", "lat": 53.3684, "lon": -0.0061},
  {"name": "Lowestoft", "county": "Suffolk", "lat": 52.4797, "lon": 1.7507},
  {"name": "Luton", "county": "Bedfordshire", "lat": 51.8787, "lon": -0.4200},
  {"name": "Macclesfield", "county": "Cheshire", "lat": 53.2588, "lon": -2.1257},
  {"name": "Maidstone", "county": "Kent", "lat": 51.2724, "lon": 0.5227},
  {"name": "Malvern", "county": "Worcestershire", "lat": 52.1116, "lon": -2.3236},
  {"name": "Manchester", "county": "Greater Manchester", "lat": 53.4808, "lon": -2.2426},
  {"name": "Mansfield", "county": "Nottinghamshire", "lat": 53.1396, "lon": -1.1979},
  {"name": "Margate", "county": "Kent", "lat": 51.3886, "lon": 1.3836},
  {"name": "Market Harborough", "county": "Leicestershire", "lat": 52.4776, "lon": -0.9209},
  {"name": "Matlock", "county": "Derbyshire", "lat": 53.1382, "lon": -1.5547},
  {"name": "Merthyr Tydfil", "county": "Merthyr Tydfil", "lat": 51.7481, "lon": -3.3814},
  {"name": "Middlesbrough", "county": "North Yorkshire", "lat": 54.5742, "lon": -1.2350},
  {"name": "Milton Keynes", "county": "Buckinghamshire", "lat": 52.0406, "lon": -0.7594},
  {"name": "Mold", "county": "Flintshire", "lat": 53.1675, "lon": -3.1411},
  {"name": "Monmouth", "county": "Monmouthshire", "lat": 51.8117, "lon": -2.7163},
  {"name": "Morpeth", "county": "Northumberland", "lat": 55.1693, "lon": -1.6912},
  {"name": "Motherwell", "county": "North Lanarkshire", "lat": 55.7891, "lon": -3.9914},
  {"name": "Nantwich", "county": "Cheshire", "lat": 53.0677, "lon": -2.5218},
  {"name": "Neath", "county": "Neath Port Talbot", "lat": 51.6604, "lon": -3.8060},
  {"name": "Nelson", "county": "Lancashire", "lat": 53.8350, "lon": -2.2181},
  {"name": "Newark-on-Trent", "county": "Nottinghamshire", "lat": 53.0762, "lon": -0.8098},
  {"name": "Newbury", "county": "Berkshire", "lat": 51.4011, "lon": -1.3231},
  {"name": "Newcastle upon Tyne", "county": "Tyne and Wear", "lat": 54.9783, "lon": -1.6178},
  {"name": "Newmarket", "county": "Suffolk", "lat": 52.2453, "lon": 0.4069},
  {"name": "Newport", "county": "Newport", "lat": 51.5842, "lon": -2.9977},
  {"name": "Newry", "county": "County Down", "lat": 54.1751, "lon": -6.3402},
  {"name": "Newtown", "county": "Powys", "lat": 52.5122, "lon": -3.3138},
  {"name": "Newtownabbey", "county": "County Antrim", "lat": 54.6596, "lon": -5.9020},
  {"name": "Northampton", "county": "Northamptonshire", "lat": 52.2405, "lon": -0.9027},
  {"name": "Northwich", "county": "Cheshire", "lat": 53.2590, "lon": -2.5218},
  {"name": "Norwich", "county": "Norfolk", "lat": 52.6309, "lon": 1.2974},
  {"name": "Nottingham", "county": "Nottinghamshire", "lat": 52.9548, "lon": -1.1581},
  {"name": "Nuneaton", "county": "Warwickshire", "lat": 52.5228, "lon": -1.4678},
  {"name": "Oakham", "county": "Rutland", "lat": 52.6712, "lon": -0.7315},
  {"name": "Oban", "county": "Argyll and Bute", "lat": 56.4126, "lon": -5.4717},
  {"name": "Oldham", "county": "Greater Manchester", "lat": 53.5409, "lon": -2.1114},
  {"name": "Omagh", "county": "County Tyrone", "lat": 54.5976, "lon": -7.3009},
  {"name": "Oswestry", "county": "Shropshire", "lat": 52.8600, "lon": -3.0538},
  {"name": "Oxford", "county": "Oxfordshire", "lat": 51.7520, "lon": -1.2577},
  {"name": "Paisley", "county": "Renfrewshire", "lat": 55.8466, "lon": -4.4238},
  {"name": "Penrith", "county": "Cumbria", "lat": 54.6641, "lon": -2.7527},
  {"name": "Perth", "county": "Perth and Kinross", "lat": 56.3952, "lon": -3.4372},
  {"name": "Peterborough", "county": "Cambridgeshire", "lat": 52.5695, "lon": -0.2405},
  {"name": "Peterhead", "county": "Aberdeenshire", "lat": 57.5066, "lon": -1.7837},
  {"name": "Plymouth", "county": "Devon", "lat": 50.3755, "lon": -4.1427},
  {"name": "Pontypridd", "county": "Rhondda Cynon Taf", "lat": 51.6019, "lon": -3.3426},
  {"name": "Poole", "county": "Dorset", "lat": 50.7193, "lon": -1.9811},
  {"name": "Port Talbot", "county": "Neath Port Talbot", "lat": 51.5907, "lon": -3.7985},
  {"name": "Porthmadog", "county": "Gwynedd", "lat": 52.9280, "lon": -4.1307},
  {"name": "Portsmouth", "county": "Hampshire", "lat": 50.8198, "lon": -1.0880},
  {"name": "Prestatyn", "county": "Denbighshire", "lat": 53.3344, "lon": -3.4072},
  {"name": "Preston", "county": "Lancashire", "lat": 53.7632, "lon": -2.7031},
  {"name": "Pwllheli", "county": "Gwynedd", "lat": 52.8897, "lon": -4.4160},
  {"name": "Reading", "county": "Berkshire", "lat": 51.4543, "lon": -0.9781},
  {"name": "Redcar", "county": "North Yorkshire", "lat": 54.6152, "lon": -1.0689},
  {"name": "Redditch", "county": "Worcestershire", "lat": 52.3064, "lon": -1.9454},
  {"name": "Retford", "county": "Nottinghamshire", "lat": 53.3226, "lon": -0.9470},
  {"name": "Rhyl", "county": "Denbighshire", "lat": 53.3191, "lon": -3.4916},
  {"name": "Ripon", "county": "North Yorkshire", "lat": 54.1382, "lon": -1.5245},
  {"name": "Rochdale", "county": "Greater Manchester", "lat": 53.6097, "lon": -2.1561},
  {"name": "Rotherham", "county": "South Yorkshire", "lat": 53.4326, "lon": -1.3568},
  {"name": "Rugby", "county": "Warwickshire", "lat": 52.3700, "lon": -1.2615},
  {"name": "Runcorn", "county": "Cheshire", "lat": 53.3416, "lon": -2.7335},
  {"name": "Salford", "county": "Greater Manchester", "lat": 53.4875, "lon": -2.2901},
  {"name": "Salisbury", "county": "Wiltshire", "lat": 51.0688, "lon": -1.7945},
  {"name": "Scarborough", "county": "North Yorkshire", "lat": 54.2793, "lon": -0.4049},
  {"name": "Scunthorpe", "county": "Lincolnshire", "lat": 53.5809, "lon": -0.6502},
  {"name": "Sheffield", "county": "South Yorkshire", "lat": 53.3811, "lon": -1.4701},
  {"name": "Shrewsbury", "county": "Shropshire", "lat": 52.7078, "lon": -2.7540},
  {"name": "Skegness", "county": "Lincolnshire", "lat": 53.1450, "lon": 0.3378},
  {"name": "Skipton", "county": "North Yorkshire", "lat": 53.9614, "lon": -2.0174},
  {"name": "Slough", "county": "Berkshire", "lat": 51.5105, "lon": -0.5950},
  {"name": "Solihull", "county": "West Midlands", "lat": 52.4129, "lon": -1.7780},
  {"name": "South Shields", "county": "Tyne and Wear", "lat": 54.9958, "lon": -1.4319},
  {"name": "Southampton", "county": "Hampshire", "lat": 50.9097, "lon": -1.4044},
  {"name": "Southend-on-Sea", "county": "Essex", "lat": 51.5459, "lon": 0.7077},
  {"name": "Southport", "county": "Merseyside", "lat": 53.6477, "lon": -3.0057},
  {"name": "St Albans", "county": "Hertfordshire", "lat": 51.7519, "lon": -0.3441},
  {"name": "St Andrews", "county": "Fife", "lat": 56.3398, "lon": -2.7967},
  {"name": "St Asaph", "county": "Denbighshire", "lat": 53.2581, "lon": -3.4429},
  {"name": "St Davids", "county": "Pembrokeshire", "lat": 51.8812, "lon": -5.2680},
  {"name": "Stafford", "county": "Staffordshire", "lat": 52.8068, "lon": -2.1171},
  {"name": "Stamford", "county": "Lincolnshire", "lat": 52.6513, "lon": -0.4818},
  {"name": "Stevenage", "county": "Hertfordshire", "lat": 51.9016, "lon": -0.2017},
  {"name": "Stirling", "county": "Stirling", "lat": 56.1166, "lon": -3.9369},
  {"name": "Stockport", "county": "Greater Manchester", "lat": 53.4106, "lon": -2.1575},
  {"name": "Stockton-on-Tees", "county": "County Durham", "lat": 54.5682, "lon": -1.3129},
  {"name": "Stoke-on-Trent", "county": "Staffordshire", "lat": 53.0027, "lon": -2.1794},
  {"name": "Stranraer", "county": "Dumfries and Galloway", "lat": 54.9035, "lon": -5.0268},
  {"name": "Stratford-upon-Avon", "county": "Warwickshire", "lat": 52.1917, "lon": -1.7083},
  {"name": "Stroud", "county": "Gloucestershire", "lat": 51.7453, "lon": -2.2147},
  {"name": "Sunderland", "county": "Tyne and Wear", "lat": 54.9061, "lon": -1.3812},
  {"name": "Sutton Coldfield", "county": "West Midlands", "lat": 52.5705, "lon": -1.8246},
  {"name": "Swansea", "county": "Swansea", "lat": 51.6214, "lon": -3.9436},
  {"name": "Swindon", "county": "Wiltshire", "lat": 51.5558, "lon": -1.7797},
  {"name": "Tamworth", "county": "Staffordshire", "lat": 52.6332, "lon": -1.6951},
  {"name": "Taunton", "county": "Somerset", "lat": 51.0190, "lon": -3.1005},
  {"name": "Telford", "county": "Shropshire", "lat": 52.6786, "lon": -2.4453},
  {"name": "Tenby", "county": "Pembrokeshire", "lat": 51.6726, "lon": -4.7063},
  {"name": "Tewkesbury", "county": "Gloucestershire", "lat": 51.9927, "lon": -2.1600},
  {"name": "Thanet", "county": "Kent", "lat": 51.3593, "lon": 1.4052},
  {"name": "Thetford", "county": "Norfolk", "lat": 52.4175, "lon": 0.7427},
  {"name": "Torquay", "county": "Devon", "lat": 50.4619, "lon": -3.5253},
  {"name": "Truro", "county": "Cornwall", "lat": 50.2632, "lon": -5.0510},
  {"name": "Tunbridge Wells", "county": "Kent", "lat": 51.1322, "lon": 0.2634},
  {"name": "Wakefield", "county": "West Yorkshire", "lat": 53.6833, "lon": -1.4977},
  {"name": "Walsall", "county": "West Midlands", "lat": 52.5851, "lon": -1.9816},
  {"name": "Warrington", "county": "Cheshire", "lat": 53.3900, "lon": -2.5970},
  {"name": "Warwick", "county": "Warwickshire", "lat": 52.2819, "lon": -1.5849},
  {"name": "Watford", "county": "Hertfordshire", "lat": 51.6565, "lon": -0.3903},
  {"name": "Wellingborough", "county": "Northamptonshire", "lat": 52.3032, "lon": -0.6945},
  {"name": "Wells", "county": "Somerset", "lat": 51.2094, "lon": -2.6470},
  {"name": "Welwyn Garden City", "county": "Hertfordshire", "lat": 51.8014, "lon": -0.2063},
  {"name": "West Bromwich", "county": "West Midlands", "lat": 52.5190, "lon": -1.9946},
  {"name": "Westminster", "county": "Greater London", "lat": 51.4975, "lon": -0.1357},
  {"name": "Weston-super-Mare", "county": "Somerset", "lat": 51.3461, "lon": -2.9770},
  {"name": "Weymouth", "county": "Dorset", "lat": 50.6144, "lon": -2.4572},
  {"name": "Whitby", "county": "North Yorkshire", "lat": 54.4858, "lon": -0.6206},
  {"name": "Whitehaven", "county": "Cumbria", "lat": 54.5491, "lon": -3.5854},
  {"name": "Wigan", "county": "Greater Manchester", "lat": 53.5450, "lon": -2.6325},
  {"name": "Wimborne", "county": "Dorset", "lat": 50.7999, "lon": -1.9872},
  {"name": "Winchester", "county": "Hampshire", "lat": 51.0632, "lon": -1.3080},
  {"name": "Windermere", "county": "Cumbria", "lat": 54.3808, "lon": -2.9065},
  {"name": "Witney", "county": "Oxfordshire", "lat": 51.7865, "lon": -1.4854},
  {"name": "Woking", "county": "Surrey", "lat": 51.3162, "lon": -0.5610},
  {"name": "Wolverhampton", "county": "West Midlands", "lat": 52.5870, "lon": -2.1288},
  {"name": "Worcester", "county": "Worcestershire", "lat": 52.1920, "lon": -2.2216},
  {"name": "Workington", "county": "Cumbria", "lat": 54.6427, "lon": -3.5483},
  {"name": "Worksop", "county": "Nottinghamshire", "lat": 53.3032, "lon": -1.1241},
  {"name": "Worthing", "county": "West Sussex", "lat": 50.8148, "lon": -0.3722},
  {"name": "Wrexham", "county": "Wrexham", "lat": 53.0468, "lon": -2.9926},
  {"name": "Yeovil", "county": "Somerset", "lat": 50.9452, "lon": -2.6337},
  {"name": "York", "county": "North Yorkshire", "lat": 53.9600, "lon": -1.0873}
]
